League;Stat;Next Match;Odds;Date;Situação;Tipo_Estatistica;Liga_Categoria;Probabilidade_Sucesso;Previsao;Padrao;Recomendacao;Analise_Detalhada;Resultado
First Division;HB Køge have had Over 2.5 Match Goalsin their last 6 away league matches;HB KØGE vs hvidovre;1.62;23/10/2025 13:30;;OVER_2.5;BAIXA_CONFIABILIDADE;0.656658630909644;VERDADEIRO;PADRAO_SOLIDO;BOA;PADRAO_SOLIDO: OVER_2.5 em 6 jogos (Odds: 1.62) [BONUS +10%] Previsao: MANTERA STREAK;
Liga MX;Pumas UNAM have had BTTS in their last 6 league matches;PUMAS UNAM vs atlético san luis;1.67;23/10/2025 00:05;;BTTS;BAIXA_CONFIABILIDADE;0.3080732607270684;FALSO;PADRAO_REGULAR;REGULAR;PADRAO_REGULAR: BTTS em 6 jogos (Odds: 1.67) [BONUS +10%] Previsao: INTERROMPERA STREAK;
Liga MX;Atlas have had Over 2.5 Match Goalsin their last 6 home league matches;ATLAS vs leon;1.67;23/10/2025 00:00;;OVER_2.5;BAIXA_CONFIABILIDADE;0.7785432320228165;VERDADEIRO;PADRAO_FORTE;EXCELENTE;PADRAO_FORTE: OVER_2.5 em 6 jogos (Odds: 1.67) [BONUS +10%] Previsao: MANTERA STREAK;
Liga MX;Toluca have Won their last 7 league matches;TOLUCA vs tijuana;1.86;23/10/2025 00:00;FALSO;VITORIA;BAIXA_CONFIABILIDADE;0.3471488095238095;FALSO;PADRAO_REGULAR;REGULAR;PADRAO_REGULAR: VITORIA em 7 jogos (Odds: 1.86) [BONUS +10%] Previsao: INTERROMPERA STREAK;0-0
Liga MX;Toluca have had Over 2.5 Match Goalsin their last 7 league matches;TOLUCA vs tijuana;1.5;23/10/2025 00:00;FALSO;OVER_2.5;BAIXA_CONFIABILIDADE;0.5182749973304247;FALSO;PADRAO_REGULAR;REGULAR;PADRAO_REGULAR: OVER_2.5 em 7 jogos (Odds: 1.5) [BONUS +10%] Previsao: INTERROMPERA STREAK;0-0
US MLS;Orlando City SC have had BTTS in their last 16 league matches;ORLANDO CITY SC vs chicago fire;1.5;22/10/2025 21:30;;BTTS;BAIXA_CONFIABILIDADE;0.5782876984126984;FALSO;PADRAO_REGULAR;REGULAR;PADRAO_REGULAR: BTTS em 16 jogos (Odds: 1.5) [BONUS +10%] Previsao: INTERROMPERA STREAK;
US MLS;Orlando City SC have had BTTS in their last 8 away league matches;ORLANDO CITY SC vs chicago fire;1.5;22/10/2025 21:30;;BTTS;BAIXA_CONFIABILIDADE;0.5812746406195773;FALSO;PADRAO_SOLIDO;REGULAR;PADRAO_SOLIDO: BTTS em 8 jogos (Odds: 1.5) [BONUS +10%] Previsao: INTERROMPERA STREAK;
Serie A;Internacional RS have had BTTS in their last 6 away league matches;INTERNACIONAL RS vs ec bahia;1.95;22/10/2025 19:00;FALSO;BTTS;BAIXA_CONFIABILIDADE;0.4390767216443687;FALSO;PADRAO_REGULAR;REGULAR;PADRAO_REGULAR: BTTS em 6 jogos (Odds: 1.95) [BONUS +10%] Previsao: INTERROMPERA STREAK;1-0
Turkish Super Lig;Konyaspor have had BTTS in their last 6 league matches;KONYASPOR HAVE HAD BTTS vs besiktas;1.62;22/10/2025 14:00;FALSO;BTTS;BAIXA_CONFIABILIDADE;0.410359341313149;FALSO;PADRAO_REGULAR;REGULAR;PADRAO_REGULAR: BTTS em 6 jogos (Odds: 1.62) [BONUS +10%] Previsao: INTERROMPERA STREAK;0-2
Finnish Veikkausliiga;HJK have had BTTS in their last 9 home league matches;HJK HAVE HAD BTTS vs sjk;1.4;22/10/2025 13:00;;BTTS;BAIXA_CONFIABILIDADE;0.6371877705627707;VERDADEIRO;PADRAO_SOLIDO;BOA;PADRAO_SOLIDO: BTTS em 9 jogos (Odds: 1.4) [BONUS +10%] Previsao: MANTERA STREAK;
Finnish Veikkausliiga;HJK have had Over 2.5 Match Goalsin their last 9 home league matches;HJK vs sjk;1.36;22/10/2025 13:00;;OVER_2.5;BAIXA_CONFIABILIDADE;0.8787083333333332;VERDADEIRO;PADRAO_FORTISSIMO;EXCELENTE;PADRAO_FORTISSIMO: OVER_2.5 em 9 jogos (Odds: 1.36) [BONUS +10%] Previsao: MANTERA STREAK;
Meistriliiga;Levadia have had Over 2.5 Match Goalsin their last 10 league matches;LEVADIA vs paide;1.85;22/10/2025 13:00;;OVER_2.5;BAIXA_CONFIABILIDADE;0.95;VERDADEIRO;PADRAO_FORTISSIMO;EXCELENTE;PADRAO_FORTISSIMO: OVER_2.5 em 10 jogos (Odds: 1.85) [BONUS +10%] Previsao: MANTERA STREAK;
Norwegian 1. Division;Lillestrøm have Won their last 13 league matches;LILLESTRØM vs odd grenland bk;1.42;22/10/2025 13:00;;VITORIA;BAIXA_CONFIABILIDADE;0.670436507936508;VERDADEIRO;PADRAO_SOLIDO;BOA;PADRAO_SOLIDO: VITORIA em 13 jogos (Odds: 1.42) [BONUS +10%] Previsao: MANTERA STREAK;
Norwegian 1. Division;Lillestrøm have Won their last 7 away league matches;LILLESTRØM vs odd grenland bk;1.42;22/10/2025 13:00;;VITORIA;BAIXA_CONFIABILIDADE;0.6676010959939531;VERDADEIRO;PADRAO_SOLIDO;BOA;PADRAO_SOLIDO: VITORIA em 7 jogos (Odds: 1.42) [BONUS +10%] Previsao: MANTERA STREAK;
Norwegian 1. Division;Lillestrøm have had Over 2.5 Match Goalsin their last 9 league matches;LILLESTRØM vs odd grenland bk;1.53;22/10/2025 13:00;;OVER_2.5;BAIXA_CONFIABILIDADE;0.5950627705627706;FALSO;PADRAO_SOLIDO;REGULAR;PADRAO_SOLIDO: OVER_2.5 em 9 jogos (Odds: 1.53) [BONUS +10%] Previsao: INTERROMPERA STREAK;
Norwegian 1. Division;Mjøndalen IF have had Over 2.5 Match Goalsin their last 7 away league matches;MJØNDALEN IF vs ranheim;1.48;22/10/2025 13:00;;OVER_2.5;BAIXA_CONFIABILIDADE;0.4725505126088387;FALSO;PADRAO_REGULAR;REGULAR;PADRAO_REGULAR: OVER_2.5 em 7 jogos (Odds: 1.48) [BONUS +10%] Previsao: INTERROMPERA STREAK;
Finnish Veikkausliiga;SJK have had BTTS in their last 7 league matches;SJK HAVE HAD BTTS vs hjk;1.4;22/10/2025 13:00;;BTTS;BAIXA_CONFIABILIDADE;0.6550724502106081;VERDADEIRO;PADRAO_SOLIDO;BOA;PADRAO_SOLIDO: BTTS em 7 jogos (Odds: 1.4) [BONUS +10%] Previsao: MANTERA STREAK;
Finnish Veikkausliiga;SJK have had Over 2.5 Match Goalsin their last 10 away league matches;SJK vs hjk;1.36;22/10/2025 13:00;;OVER_2.5;BAIXA_CONFIABILIDADE;0.8048571428571428;VERDADEIRO;PADRAO_FORTISSIMO;EXCELENTE;PADRAO_FORTISSIMO: OVER_2.5 em 10 jogos (Odds: 1.36) [BONUS +10%] Previsao: MANTERA STREAK;
Meistriliiga;Harju Jalgpallikool have had Over 2.5 Match Goalsin their last 10 league matches;HARJU JALGPALLIKOOL vs tammeka;1.44;22/10/2025 12:00;VERDADEIRO;OVER_2.5;BAIXA_CONFIABILIDADE;0.5692757936507937;FALSO;PADRAO_REGULAR;REGULAR;PADRAO_REGULAR: OVER_2.5 em 10 jogos (Odds: 1.44) [BONUS +10%] Previsao: INTERROMPERA STREAK;02/fev
Meistriliiga;Harju Jalgpallikool have had Over 2.5 Match Goalsin their last 6 home league matches;HARJU JALGPALLIKOOL vs tammeka;1.44;22/10/2025 12:00;VERDADEIRO;OVER_2.5;BAIXA_CONFIABILIDADE;0.4903946941330074;FALSO;PADRAO_REGULAR;REGULAR;PADRAO_REGULAR: OVER_2.5 em 6 jogos (Odds: 1.44) [BONUS +10%] Previsao: INTERROMPERA STREAK;02/fev
Meistriliiga;Tallinna Kalev have Lost their last 9 league matches;TALLINNA KALEV vs nõmme kalju;1.25;22/10/2025 12:00;VERDADEIRO;DERROTA;BAIXA_CONFIABILIDADE;0.8493492063492063;VERDADEIRO;PADRAO_FORTISSIMO;EXCELENTE;PADRAO_FORTISSIMO: DERROTA em 9 jogos (Odds: 1.25) [BONUS +10%] Previsao: MANTERA STREAK;0-2
Liga MX;Mazatlán have had BTTS in their last 6 home league matches;MAZATLÁN vs santos laguna;1.62;22/10/2025 00:00;VERDADEIRO;BTTS;BAIXA_CONFIABILIDADE;0.410359341313149;FALSO;PADRAO_REGULAR;REGULAR;PADRAO_REGULAR: BTTS em 6 jogos (Odds: 1.62) [BONUS +10%] Previsao: INTERROMPERA STREAK;2-2
